order_id,customer_id,product_id,quantity,order_date,order_total,status
1,1,14,1,2024-01-16 11:20:00,149.99,completed
2,1,7,2,2024-01-18 14:30:00,79.98,completed
3,2,11,1,2024-02-21 09:15:00,299.99,completed
4,2,5,3,2024-02-22 16:45:00,59.97,completed
5,3,10,1,2024-01-11 10:00:00,199.99,completed
6,3,14,2,2024-01-15 13:20:00,299.98,completed
7,4,3,5,2024-03-06 11:30:00,64.95,completed
8,5,12,1,2024-03-01 14:00:00,79.99,completed
9,5,16,1,2024-03-02 10:45:00,49.99,completed
10,6,2,1,2024-01-23 09:30:00,59.99,completed
11,7,8,3,2024-03-13 15:15:00,47.97,completed
12,8,11,1,2024-01-19 12:00:00,299.99,completed
13,8,13,1,2024-01-20 14:30:00,89.99,completed
14,9,5,4,2024-02-15 10:20:00,79.96,completed
15,10,17,1,2024-03-02 11:45:00,119.99,completed
16,11,14,1,2024-01-26 13:10:00,149.99,completed
17,12,22,10,2024-02-09 09:50:00,79.90,completed
18,13,7,1,2024-03-16 14:25:00,39.99,completed
19,14,11,1,2024-01-31 10:35:00,299.99,completed
20,15,4,2,2024-02-19 12:50:00,90.00,completed
21,16,18,3,2024-03-09 15:00:00,74.97,completed
22,17,14,1,2024-01-13 11:20:00,149.99,completed
23,18,9,2,2024-02-23 13:40:00,69.98,completed
24,19,6,5,2024-03-19 09:15:00,49.95,completed
25,20,11,1,2024-01-29 14:50:00,299.99,completed
26,21,23,4,2024-02-11 10:05:00,51.96,completed
27,22,7,1,2024-03-21 12:20:00,39.99,completed
28,23,14,1,2024-01-17 13:35:00,149.99,completed
29,24,5,3,2024-02-26 11:00:00,59.97,completed
30,25,12,1,2024-03-11 14:15:00,79.99,completed
31,26,11,1,2024-01-21 09:40:00,299.99,completed
32,27,8,4,2024-02-13 12:55:00,63.96,completed
33,28,17,1,2024-03-23 10:25:00,119.99,completed
34,29,4,1,2024-01-27 13:45:00,45.00,completed
35,30,22,8,2024-02-17 11:10:00,63.92,completed
36,31,14,1,2024-03-15 14:30:00,149.99,completed
37,32,5,2,2024-01-25 09:50:00,39.98,completed
38,33,11,1,2024-02-21 12:05:00,299.99,completed
39,34,7,1,2024-03-17 10:40:00,39.99,completed
40,35,10,1,2024-01-15 13:20:00,199.99,completed
41,36,3,6,2024-02-27 11:35:00,77.94,completed
42,37,12,1,2024-03-13 14:00:00,79.99,completed
43,38,14,1,2024-01-23 09:25:00,149.99,completed
44,39,18,2,2024-02-15 12:40:00,49.98,completed
45,40,11,1,2024-03-19 10:15:00,299.99,completed
46,41,5,3,2024-01-19 13:50:00,59.97,completed
47,42,14,1,2024-02-23 11:05:00,149.99,completed
48,43,7,2,2024-03-07 14:20:00,79.98,completed
49,44,11,1,2024-01-29 09:35:00,299.99,completed
50,45,8,3,2024-02-19 12:50:00,47.97,completed
51,46,17,1,2024-03-25 10:45:00,119.99,completed
52,47,22,6,2024-01-17 13:10:00,47.94,completed
53,48,4,2,2024-02-25 11:25:00,90.00,completed
54,49,14,1,2024-03-21 14:40:00,149.99,completed
55,50,5,4,2024-01-31 09:55:00,79.96,completed
56,51,11,1,2024-02-11 12:20:00,299.99,completed
57,52,7,1,2024-03-09 10:30:00,39.99,completed
58,53,14,1,2024-01-27 13:45:00,149.99,completed
59,54,23,5,2024-02-17 11:00:00,64.95,completed
60,55,12,1,2024-03-15 14:15:00,79.99,completed
61,1,2,1,2024-02-05 10:30:00,59.99,completed
62,2,4,1,2024-03-10 13:45:00,45.00,completed
63,3,17,1,2024-02-01 11:20:00,119.99,completed
64,4,22,4,2024-03-12 14:35:00,31.96,completed
65,5,14,1,2024-03-05 10:50:00,149.99,completed
66,6,5,2,2024-02-08 12:15:00,39.98,completed
67,7,11,1,2024-03-18 09:40:00,299.99,completed
68,8,7,1,2024-02-04 13:55:00,39.99,completed
69,9,18,3,2024-03-01 11:10:00,74.97,completed
70,10,12,1,2024-03-08 14:25:00,79.99,completed
71,11,14,1,2024-02-10 10:35:00,149.99,completed
72,12,3,8,2024-03-14 12:50:00,103.92,completed
73,13,17,1,2024-03-20 09:05:00,119.99,completed
74,14,11,1,2024-02-06 13:20:00,299.99,completed
75,15,5,3,2024-03-16 11:35:00,59.97,completed
76,16,8,4,2024-03-11 14:00:00,63.96,completed
77,17,14,1,2024-02-12 10:15:00,149.99,completed
78,18,22,7,2024-03-24 12:30:00,55.93,completed
79,19,4,1,2024-03-22 09:45:00,45.00,completed
80,20,11,1,2024-02-14 13:00:00,299.99,completed
81,21,7,2,2024-03-17 11:15:00,79.98,completed
82,22,12,1,2024-03-26 14:30:00,79.99,completed
83,23,14,1,2024-02-16 10:40:00,149.99,completed
84,24,18,2,2024-03-19 12:55:00,49.98,completed
85,25,11,1,2024-03-13 09:10:00,299.99,completed
86,26,5,4,2024-02-18 13:25:00,79.96,completed
87,27,3,10,2024-03-23 11:40:00,129.90,completed
88,28,17,1,2024-03-27 14:05:00,119.99,completed
89,29,14,1,2024-02-20 10:20:00,149.99,completed
90,30,8,5,2024-03-21 12:35:00,79.95,completed
91,31,11,1,2024-03-18 09:50:00,299.99,completed
92,32,22,6,2024-02-22 13:10:00,47.94,completed
93,33,14,1,2024-03-25 11:25:00,149.99,completed
94,34,7,1,2024-03-15 14:40:00,39.99,completed
95,35,10,1,2024-02-24 10:05:00,199.99,completed
96,36,5,3,2024-03-09 12:20:00,59.97,completed
97,37,12,1,2024-03-19 09:35:00,79.99,completed
98,38,14,1,2024-02-26 13:50:00,149.99,completed
99,39,4,2,2024-03-11 11:05:00,90.00,completed
100,40,11,1,2024-03-24 14:20:00,299.99,completed
101,1,18,2,2024-03-02 10:45:00,49.98,completed
102,3,7,3,2024-02-10 13:00:00,119.97,completed
103,5,11,1,2024-03-12 11:15:00,299.99,completed
104,8,5,5,2024-02-15 14:30:00,99.95,completed
105,11,14,1,2024-03-07 10:50:00,149.99,completed
106,14,17,1,2024-02-20 12:05:00,119.99,completed
107,17,11,1,2024-03-14 09:20:00,299.99,completed
108,20,12,1,2024-02-25 13:35:00,79.99,completed
109,23,14,1,2024-03-20 11:50:00,149.99,completed
110,26,7,2,2024-03-05 14:10:00,79.98,completed
111,29,11,1,2024-02-28 10:25:00,299.99,completed
112,32,22,8,2024-03-16 12:40:00,63.92,completed
113,35,14,1,2024-03-22 09:55:00,149.99,completed
114,38,5,4,2024-03-10 13:10:00,79.96,completed
115,40,17,1,2024-03-26 11:25:00,119.99,completed
116,2,11,1,2024-03-18 14:40:00,299.99,completed
117,6,14,1,2024-02-12 09:05:00,149.99,completed
118,9,7,1,2024-03-13 12:20:00,39.99,completed
119,13,11,1,2024-03-23 10:35:00,299.99,completed
120,16,18,3,2024-03-15 13:50:00,74.97,completed
121,19,12,1,2024-02-18 11:10:00,79.99,completed
122,22,14,1,2024-03-27 14:25:00,149.99,completed
123,25,5,3,2024-03-11 09:40:00,59.97,completed
124,28,17,1,2024-03-25 12:55:00,119.99,completed
125,31,11,1,2024-03-21 10:15:00,299.99,completed
126,34,8,4,2024-02-24 13:30:00,63.96,completed
127,37,14,1,2024-03-17 11:45:00,149.99,completed
128,42,7,2,2024-03-08 14:05:00,79.98,completed
129,45,11,1,2024-02-28 10:20:00,299.99,completed
130,48,22,5,2024-03-19 12:35:00,39.95,completed
131,51,14,1,2024-03-14 09:50:00,149.99,completed
132,54,18,2,2024-03-26 13:10:00,49.98,completed
133,1,11,1,2024-03-20 11:25:00,299.99,completed
134,4,5,6,2024-03-24 14:40:00,119.94,completed
135,7,17,1,2024-03-22 10:05:00,119.99,completed
136,12,14,1,2024-03-16 12:20:00,149.99,completed
137,15,11,1,2024-03-10 09:35:00,299.99,completed
138,18,7,3,2024-03-27 13:50:00,119.97,completed
139,21,12,1,2024-03-19 11:10:00,79.99,completed
140,24,14,1,2024-03-15 14:25:00,149.99,completed
141,27,5,4,2024-03-25 10:40:00,79.96,completed
142,30,11,1,2024-03-23 12:55:00,299.99,completed
143,33,18,3,2024-03-17 09:15:00,74.97,completed
144,36,8,5,2024-03-28 13:30:00,79.95,completed
145,39,14,1,2024-03-21 11:45:00,149.99,completed
146,43,17,1,2024-03-12 14:10:00,119.99,completed
147,46,11,1,2024-03-26 10:25:00,299.99,completed
148,49,7,2,2024-03-24 12:40:00,79.98,completed
149,52,22,7,2024-03-18 09:55:00,55.93,completed
150,55,14,1,2024-03-28 13:15:00,149.99,completed
151,3,12,1,2024-03-06 11:30:00,79.99,completed
152,8,11,1,2024-03-13 14:45:00,299.99,completed
153,14,5,5,2024-03-22 10:05:00,99.95,completed
154,20,17,1,2024-03-16 12:20:00,119.99,completed
155,26,14,1,2024-03-27 09:35:00,149.99,completed
156,32,11,1,2024-03-21 13:50:00,299.99,completed
157,38,7,3,2024-03-14 11:10:00,119.97,completed
158,44,18,2,2024-03-25 14:25:00,49.98,completed
159,50,12,1,2024-03-19 10:40:00,79.99,completed
160,5,14,1,2024-03-23 12:55:00,149.99,completed
161,11,11,1,2024-03-17 09:15:00,299.99,completed
162,17,5,4,2024-03-28 13:30:00,79.96,completed
163,23,17,1,2024-03-21 11:45:00,119.99,completed
164,29,8,5,2024-03-12 14:10:00,79.95,completed
165,35,14,1,2024-03-26 10:25:00,149.99,completed
166,41,22,6,2024-03-20 12:40:00,47.94,completed
167,47,11,1,2024-03-15 09:55:00,299.99,completed
168,53,7,2,2024-03-24 13:15:00,79.98,completed
169,2,18,3,2024-03-18 11:30:00,74.97,completed
170,9,12,1,2024-03-27 14:45:00,79.99,completed
171,16,14,1,2024-03-22 10:05:00,149.99,completed
172,22,11,1,2024-03-16 12:20:00,299.99,completed
173,28,5,5,2024-03-28 09:35:00,99.95,completed
174,34,17,1,2024-03-21 13:50:00,119.99,completed
175,40,7,3,2024-03-14 11:10:00,119.97,completed
176,46,18,2,2024-03-25 14:25:00,49.98,completed
177,1,12,1,2024-03-27 10:40:00,79.99,completed
178,6,14,1,2024-03-19 12:55:00,149.99,completed
179,13,11,1,2024-03-26 09:15:00,299.99,completed
180,19,5,6,2024-03-23 13:30:00,119.94,completed
181,25,17,1,2024-03-17 11:45:00,119.99,completed
182,31,8,4,2024-03-28 14:10:00,63.96,completed
183,37,14,1,2024-03-21 10:25:00,149.99,completed
184,43,22,8,2024-03-15 12:40:00,63.92,completed
185,49,11,1,2024-03-27 09:55:00,299.99,completed
186,55,7,2,2024-03-20 13:15:00,79.98,completed
187,4,18,3,2024-03-24 11:30:00,74.97,completed
188,10,12,1,2024-03-18 14:45:00,79.99,completed
189,15,14,1,2024-03-28 10:05:00,149.99,completed
190,21,11,1,2024-03-22 12:20:00,299.99,completed
191,27,5,4,2024-03-16 09:35:00,79.96,completed
192,33,17,1,2024-03-26 13:50:00,119.99,completed
193,39,7,3,2024-03-19 11:10:00,119.97,completed
194,45,18,2,2024-03-25 14:25:00,49.98,completed
195,51,12,1,2024-03-21 10:40:00,79.99,completed
196,3,14,1,2024-03-27 12:55:00,149.99,completed
197,8,11,1,2024-03-17 09:15:00,299.99,completed
198,14,5,5,2024-03-28 13:30:00,99.95,completed
199,20,17,1,2024-03-23 11:45:00,119.99,completed
200,26,8,5,2024-03-14 14:10:00,79.95,completed
201,32,14,1,2024-03-26 10:25:00,149.99,completed
202,38,22,7,2024-03-20 12:40:00,55.93,completed
203,44,11,1,2024-03-15 09:55:00,299.99,completed
204,50,7,2,2024-03-24 13:15:00,79.98,completed
205,5,18,3,2024-03-18 11:30:00,74.97,completed
206,11,12,1,2024-03-27 14:45:00,79.99,completed
207,17,14,1,2024-03-22 10:05:00,149.99,completed
208,23,11,1,2024-03-16 12:20:00,299.99,completed
209,29,5,6,2024-03-28 09:35:00,119.94,completed
210,35,17,1,2024-03-21 13:50:00,119.99,completed
211,41,7,3,2024-03-14 11:10:00,119.97,completed
212,47,18,2,2024-03-25 14:25:00,49.98,completed
213,53,12,1,2024-03-19 10:40:00,79.99,completed
214,2,14,1,2024-03-23 12:55:00,149.99,completed
215,9,11,1,2024-03-17 09:15:00,299.99,completed
216,16,5,4,2024-03-28 13:30:00,79.96,completed
217,22,17,1,2024-03-21 11:45:00,119.99,completed
218,28,8,5,2024-03-12 14:10:00,79.95,completed
219,34,14,1,2024-03-26 10:25:00,149.99,completed
220,40,22,6,2024-03-20 12:40:00,47.94,completed
221,46,11,1,2024-03-15 09:55:00,299.99,completed
222,1,7,2,2024-03-28 13:15:00,79.98,completed
223,7,18,3,2024-03-24 11:30:00,74.97,completed
224,13,12,1,2024-03-18 14:45:00,79.99,completed
225,19,14,1,2024-03-27 10:05:00,149.99,completed
226,25,11,1,2024-03-22 12:20:00,299.99,completed
227,31,5,5,2024-03-16 09:35:00,99.95,completed
228,37,17,1,2024-03-26 13:50:00,119.99,completed
229,43,7,3,2024-03-19 11:10:00,119.97,completed
230,49,18,2,2024-03-25 14:25:00,49.98,completed
231,55,12,1,2024-03-21 10:40:00,79.99,completed
232,4,14,1,2024-03-27 12:55:00,149.99,completed
233,10,11,1,2024-03-17 09:15:00,299.99,completed
234,15,5,6,2024-03-28 13:30:00,119.94,completed
235,21,17,1,2024-03-23 11:45:00,119.99,completed
236,27,8,4,2024-03-14 14:10:00,63.96,completed
237,33,14,1,2024-03-26 10:25:00,149.99,completed
238,39,22,8,2024-03-20 12:40:00,63.92,completed
239,45,11,1,2024-03-15 09:55:00,299.99,completed
240,51,7,2,2024-03-24 13:15:00,79.98,completed
241,3,18,3,2024-03-18 11:30:00,74.97,completed
242,8,12,1,2024-03-27 14:45:00,79.99,completed
243,14,14,1,2024-03-22 10:05:00,149.99,completed
244,20,11,1,2024-03-16 12:20:00,299.99,completed
245,26,5,4,2024-03-28 09:35:00,79.96,completed
246,32,17,1,2024-03-21 13:50:00,119.99,completed
247,38,7,3,2024-03-14 11:10:00,119.97,completed
248,44,18,2,2024-03-25 14:25:00,49.98,completed
249,50,12,1,2024-03-19 10:40:00,79.99,completed
250,5,14,1,2024-03-23 12:55:00,149.99,completed
251,11,11,1,2024-03-17 09:15:00,299.99,completed
252,17,5,5,2024-03-28 13:30:00,99.95,completed
253,23,17,1,2024-03-21 11:45:00,119.99,completed
254,29,8,5,2024-03-12 14:10:00,79.95,completed
255,35,14,1,2024-03-26 10:25:00,149.99,completed
256,41,22,7,2024-03-20 12:40:00,55.93,completed
257,47,11,1,2024-03-15 09:55:00,299.99,completed
258,53,7,2,2024-03-24 13:15:00,79.98,completed
259,2,18,3,2024-03-18 11:30:00,74.97,completed
260,9,12,1,2024-03-27 14:45:00,79.99,completed
261,16,14,1,2024-03-22 10:05:00,149.99,completed
262,22,11,1,2024-03-16 12:20:00,299.99,completed
263,28,5,6,2024-03-28 09:35:00,119.94,completed
264,34,17,1,2024-03-21 13:50:00,119.99,completed
265,40,7,3,2024-03-14 11:10:00,119.97,completed
266,46,18,2,2024-03-25 14:25:00,49.98,completed
267,1,12,1,2024-03-27 10:40:00,79.99,completed
268,6,14,1,2024-03-19 12:55:00,149.99,completed
269,13,11,1,2024-03-26 09:15:00,299.99,completed
270,19,5,4,2024-03-23 13:30:00,79.96,completed
271,25,17,1,2024-03-17 11:45:00,119.99,completed
272,31,8,5,2024-03-28 14:10:00,79.95,completed
273,37,14,1,2024-03-21 10:25:00,149.99,completed
274,43,22,6,2024-03-15 12:40:00,47.94,completed
275,49,11,1,2024-03-27 09:55:00,299.99,completed
276,55,7,2,2024-03-20 13:15:00,79.98,completed
277,4,18,3,2024-03-24 11:30:00,74.97,completed
278,10,12,1,2024-03-18 14:45:00,79.99,completed
279,15,14,1,2024-03-28 10:05:00,149.99,completed
280,21,11,1,2024-03-22 12:20:00,299.99,completed
281,27,5,5,2024-03-16 09:35:00,99.95,completed
282,33,17,1,2024-03-26 13:50:00,119.99,completed
283,39,7,3,2024-03-19 11:10:00,119.97,completed
284,45,18,2,2024-03-25 14:25:00,49.98,completed
285,51,12,1,2024-03-21 10:40:00,79.99,completed
286,3,14,1,2024-03-27 12:55:00,149.99,completed
287,8,11,1,2024-03-17 09:15:00,299.99,completed
288,14,5,6,2024-03-28 13:30:00,119.94,completed
289,20,17,1,2024-03-23 11:45:00,119.99,completed
290,26,8,4,2024-03-14 14:10:00,63.96,completed
291,32,14,1,2024-03-26 10:25:00,149.99,completed
292,38,22,8,2024-03-20 12:40:00,63.92,completed
293,44,11,1,2024-03-15 09:55:00,299.99,completed
294,50,7,2,2024-03-24 13:15:00,79.98,completed
295,5,18,3,2024-03-18 11:30:00,74.97,completed
296,11,12,1,2024-03-27 14:45:00,79.99,completed
297,17,14,1,2024-03-22 10:05:00,149.99,completed
298,23,11,1,2024-03-16 12:20:00,299.99,completed
299,29,5,4,2024-03-28 09:35:00,79.96,completed
300,35,17,1,2024-03-21 13:50:00,119.99,completed
301,41,7,3,2024-03-14 11:10:00,119.97,completed
302,47,18,2,2024-03-25 14:25:00,49.98,completed
303,53,12,1,2024-03-19 10:40:00,79.99,completed
304,2,14,1,2024-03-23 12:55:00,149.99,completed
305,9,11,1,2024-03-17 09:15:00,299.99,completed
306,16,5,5,2024-03-28 13:30:00,99.95,completed
307,22,17,1,2024-03-21 11:45:00,119.99,completed
308,28,8,5,2024-03-12 14:10:00,79.95,completed
309,34,14,1,2024-03-26 10:25:00,149.99,completed
310,40,22,7,2024-03-20 12:40:00,55.93,completed
311,46,11,1,2024-03-15 09:55:00,299.99,completed
312,1,7,2,2024-03-28 13:15:00,79.98,completed
313,7,18,3,2024-03-24 11:30:00,74.97,completed
314,13,12,1,2024-03-18 14:45:00,79.99,completed
315,19,14,1,2024-03-27 10:05:00,149.99,completed
316,25,11,1,2024-03-22 12:20:00,299.99,completed
317,31,5,6,2024-03-16 09:35:00,119.94,completed
318,37,17,1,2024-03-26 13:50:00,119.99,completed
319,43,7,3,2024-03-19 11:10:00,119.97,completed
320,49,18,2,2024-03-25 14:25:00,49.98,completed
321,55,12,1,2024-03-21 10:40:00,79.99,completed
322,4,14,1,2024-03-27 12:55:00,149.99,completed
323,10,11,1,2024-03-17 09:15:00,299.99,completed
324,15,5,4,2024-03-28 13:30:00,79.96,completed
325,21,17,1,2024-03-23 11:45:00,119.99,completed
326,27,8,5,2024-03-14 14:10:00,79.95,completed
327,33,14,1,2024-03-26 10:25:00,149.99,completed
328,39,22,6,2024-03-20 12:40:00,47.94,completed
329,45,11,1,2024-03-15 09:55:00,299.99,completed
330,51,7,2,2024-03-24 13:15:00,79.98,completed
331,3,18,3,2024-03-18 11:30:00,74.97,completed
332,8,12,1,2024-03-27 14:45:00,79.99,completed
333,14,14,1,2024-03-22 10:05:00,149.99,completed
334,20,11,1,2024-03-16 12:20:00,299.99,completed
335,26,5,5,2024-03-28 09:35:00,99.95,completed
336,32,17,1,2024-03-21 13:50:00,119.99,completed
337,38,7,3,2024-03-14 11:10:00,119.97,completed
338,44,18,2,2024-03-25 14:25:00,49.98,completed
339,50,12,1,2024-03-19 10:40:00,79.99,completed
340,5,14,1,2024-03-23 12:55:00,149.99,completed
341,11,11,1,2024-03-17 09:15:00,299.99,completed
342,17,5,6,2024-03-28 13:30:00,119.94,completed
343,23,17,1,2024-03-21 11:45:00,119.99,completed
344,29,8,4,2024-03-12 14:10:00,63.96,completed
345,35,14,1,2024-03-26 10:25:00,149.99,completed
346,41,22,8,2024-03-20 12:40:00,63.92,completed
347,47,11,1,2024-03-15 09:55:00,299.99,completed
348,53,7,2,2024-03-24 13:15:00,79.98,completed
349,2,18,3,2024-03-18 11:30:00,74.97,completed
350,9,12,1,2024-03-27 14:45:00,79.99,completed
351,16,14,1,2024-03-22 10:05:00,149.99,completed
352,22,11,1,2024-03-16 12:20:00,299.99,completed
353,28,5,4,2024-03-28 09:35:00,79.96,completed
354,34,17,1,2024-03-21 13:50:00,119.99,completed
355,40,7,3,2024-03-14 11:10:00,119.97,completed
356,46,18,2,2024-03-25 14:25:00,49.98,completed
357,1,12,1,2024-03-27 10:40:00,79.99,completed
358,6,14,1,2024-03-19 12:55:00,149.99,completed
359,13,11,1,2024-03-26 09:15:00,299.99,completed
360,19,5,5,2024-03-23 13:30:00,99.95,completed
361,25,17,1,2024-03-17 11:45:00,119.99,completed
362,31,8,4,2024-03-28 14:10:00,63.96,completed
363,37,14,1,2024-03-21 10:25:00,149.99,completed
364,43,22,7,2024-03-15 12:40:00,55.93,completed
365,49,11,1,2024-03-27 09:55:00,299.99,completed
366,55,7,2,2024-03-20 13:15:00,79.98,completed
367,4,18,3,2024-03-24 11:30:00,74.97,completed
368,10,12,1,2024-03-18 14:45:00,79.99,completed
369,15,14,1,2024-03-28 10:05:00,149.99,completed
370,21,11,1,2024-03-22 12:20:00,299.99,completed
371,27,5,6,2024-03-16 09:35:00,119.94,completed
372,33,17,1,2024-03-26 13:50:00,119.99,completed
373,39,7,3,2024-03-19 11:10:00,119.97,completed
374,45,18,2,2024-03-25 14:25:00,49.98,completed
375,51,12,1,2024-03-21 10:40:00,79.99,completed
376,3,14,1,2024-03-27 12:55:00,149.99,completed
377,8,11,1,2024-03-17 09:15:00,299.99,completed
378,14,5,4,2024-03-28 13:30:00,79.96,completed
379,20,17,1,2024-03-23 11:45:00,119.99,completed
380,26,8,5,2024-03-14 14:10:00,79.95,completed
381,32,14,1,2024-03-26 10:25:00,149.99,completed
382,38,22,6,2024-03-20 12:40:00,47.94,completed
383,44,11,1,2024-03-15 09:55:00,299.99,completed
384,50,7,2,2024-03-24 13:15:00,79.98,completed
385,5,18,3,2024-03-18 11:30:00,74.97,completed
386,11,12,1,2024-03-27 14:45:00,79.99,completed
387,17,14,1,2024-03-22 10:05:00,149.99,completed
388,23,11,1,2024-03-16 12:20:00,299.99,completed
389,29,5,5,2024-03-28 09:35:00,99.95,completed
390,35,17,1,2024-03-21 13:50:00,119.99,completed
391,41,7,3,2024-03-14 11:10:00,119.97,completed
392,47,18,2,2024-03-25 14:25:00,49.98,completed
393,53,12,1,2024-03-19 10:40:00,79.99,completed
394,2,14,1,2024-03-23 12:55:00,149.99,completed
395,9,11,1,2024-03-17 09:15:00,299.99,completed
396,16,5,6,2024-03-28 13:30:00,119.94,completed
397,22,17,1,2024-03-21 11:45:00,119.99,completed
398,28,8,4,2024-03-12 14:10:00,63.96,completed
399,34,14,1,2024-03-26 10:25:00,149.99,completed
400,40,22,8,2024-03-20 12:40:00,63.92,completed
401,46,11,1,2024-03-15 09:55:00,299.99,completed
402,1,7,2,2024-03-28 13:15:00,79.98,completed
403,7,18,3,2024-03-24 11:30:00,74.97,completed
404,13,12,1,2024-03-18 14:45:00,79.99,completed
405,19,14,1,2024-03-27 10:05:00,149.99,completed
406,25,11,1,2024-03-22 12:20:00,299.99,completed
407,31,5,4,2024-03-16 09:35:00,79.96,completed
408,37,17,1,2024-03-26 13:50:00,119.99,completed
409,43,7,3,2024-03-19 11:10:00,119.97,completed
410,49,18,2,2024-03-25 14:25:00,49.98,completed
411,55,12,1,2024-03-21 10:40:00,79.99,completed
412,4,14,1,2024-03-27 12:55:00,149.99,completed
413,10,11,1,2024-03-17 09:15:00,299.99,completed
414,15,5,5,2024-03-28 13:30:00,99.95,completed
415,21,17,1,2024-03-23 11:45:00,119.99,completed
416,27,8,5,2024-03-14 14:10:00,79.95,completed
417,33,14,1,2024-03-26 10:25:00,149.99,completed
418,39,22,7,2024-03-20 12:40:00,55.93,completed
419,45,11,1,2024-03-15 09:55:00,299.99,completed
420,51,7,2,2024-03-24 13:15:00,79.98,completed
421,3,18,3,2024-03-18 11:30:00,74.97,completed
422,8,12,1,2024-03-27 14:45:00,79.99,completed
423,14,14,1,2024-03-22 10:05:00,149.99,completed
424,20,11,1,2024-03-16 12:20:00,299.99,completed
425,26,5,6,2024-03-28 09:35:00,119.94,completed
426,32,17,1,2024-03-21 13:50:00,119.99,completed
427,38,7,3,2024-03-14 11:10:00,119.97,completed
428,44,18,2,2024-03-25 14:25:00,49.98,completed
429,50,12,1,2024-03-19 10:40:00,79.99,completed
430,5,14,1,2024-03-23 12:55:00,149.99,completed
431,11,11,1,2024-03-17 09:15:00,299.99,completed
432,17,5,4,2024-03-28 13:30:00,79.96,completed
433,23,17,1,2024-03-21 11:45:00,119.99,completed
434,29,8,5,2024-03-12 14:10:00,79.95,completed
435,35,14,1,2024-03-26 10:25:00,149.99,completed
436,41,22,6,2024-03-20 12:40:00,47.94,completed
437,47,11,1,2024-03-15 09:55:00,299.99,completed
438,53,7,2,2024-03-24 13:15:00,79.98,completed
439,2,18,3,2024-03-18 11:30:00,74.97,completed
440,9,12,1,2024-03-27 14:45:00,79.99,completed
441,16,14,1,2024-03-22 10:05:00,149.99,completed
442,22,11,1,2024-03-16 12:20:00,299.99,completed
443,28,5,5,2024-03-28 09:35:00,99.95,completed
444,34,17,1,2024-03-21 13:50:00,119.99,completed
445,40,7,3,2024-03-14 11:10:00,119.97,completed
446,46,18,2,2024-03-25 14:25:00,49.98,completed
447,1,12,1,2024-03-27 10:40:00,79.99,completed
448,6,14,1,2024-03-19 12:55:00,149.99,completed
449,13,11,1,2024-03-26 09:15:00,299.99,completed
450,19,5,6,2024-03-23 13:30:00,119.94,completed
451,25,17,1,2024-03-17 11:45:00,119.99,completed
452,31,8,5,2024-03-28 14:10:00,79.95,completed
453,37,14,1,2024-03-21 10:25:00,149.99,completed
454,43,22,8,2024-03-15 12:40:00,63.92,completed
455,49,11,1,2024-03-27 09:55:00,299.99,completed
456,55,7,2,2024-03-20 13:15:00,79.98,completed
457,4,18,3,2024-03-24 11:30:00,74.97,completed
458,10,12,1,2024-03-18 14:45:00,79.99,completed
459,15,14,1,2024-03-28 10:05:00,149.99,completed
460,21,11,1,2024-03-22 12:20:00,299.99,completed
461,27,5,4,2024-03-16 09:35:00,79.96,completed
462,33,17,1,2024-03-26 13:50:00,119.99,completed
463,39,7,3,2024-03-19 11:10:00,119.97,completed
464,45,18,2,2024-03-25 14:25:00,49.98,completed
465,51,12,1,2024-03-21 10:40:00,79.99,completed
466,3,14,1,2024-03-27 12:55:00,149.99,completed
467,8,11,1,2024-03-17 09:15:00,299.99,completed
468,14,5,5,2024-03-28 13:30:00,99.95,completed
469,20,17,1,2024-03-23 11:45:00,119.99,completed
470,26,8,4,2024-03-14 14:10:00,63.96,completed
471,32,14,1,2024-03-26 10:25:00,149.99,completed
472,38,22,7,2024-03-20 12:40:00,55.93,completed
473,44,11,1,2024-03-15 09:55:00,299.99,completed
474,50,7,2,2024-03-24 13:15:00,79.98,completed
475,5,18,3,2024-03-18 11:30:00,74.97,completed
476,11,12,1,2024-03-27 14:45:00,79.99,completed
477,17,14,1,2024-03-22 10:05:00,149.99,completed
478,23,11,1,2024-03-16 12:20:00,299.99,completed
479,29,5,6,2024-03-28 09:35:00,119.94,completed
480,35,17,1,2024-03-21 13:50:00,119.99,completed
481,41,7,3,2024-03-14 11:10:00,119.97,completed
482,47,18,2,2024-03-25 14:25:00,49.98,completed
483,53,12,1,2024-03-19 10:40:00,79.99,completed
484,2,14,1,2024-03-23 12:55:00,149.99,completed
485,9,11,1,2024-03-17 09:15:00,299.99,completed
486,16,5,4,2024-03-28 13:30:00,79.96,completed
487,22,17,1,2024-03-21 11:45:00,119.99,completed
488,28,8,5,2024-03-12 14:10:00,79.95,completed
489,34,14,1,2024-03-26 10:25:00,149.99,completed
490,40,22,6,2024-03-20 12:40:00,47.94,completed
491,46,11,1,2024-03-15 09:55:00,299.99,completed
492,1,7,2,2024-03-28 13:15:00,79.98,completed
493,7,18,3,2024-03-24 11:30:00,74.97,completed
494,13,12,1,2024-03-18 14:45:00,79.99,completed
495,19,14,1,2024-03-27 10:05:00,149.99,completed
496,25,11,1,2024-03-22 12:20:00,299.99,completed
497,31,5,5,2024-03-16 09:35:00,99.95,completed
498,37,17,1,2024-03-26 13:50:00,119.99,completed
499,43,7,3,2024-03-19 11:10:00,119.97,completed
500,49,18,2,2024-03-25 14:25:00,49.98,completed
